Time,Price
2026-02-10 21:00,424.3
2026-02-10 21:01,424.81
2026-02-10 21:02,424.69
2026-02-10 21:03,424.71
2026-02-10 21:04,424.49
2026-02-10 21:05,424.47
2026-02-10 21:06,424.61
2026-02-10 21:07,424.37
2026-02-10 21:08,424.6
2026-02-10 21:09,424.7
2026-02-10 21:10,424.81
2026-02-10 21:11,424.56
2026-02-10 21:12,424.5
2026-02-10 21:13,424.67
2026-02-10 21:14,424.73
2026-02-10 21:15,424.38
2026-02-10 21:16,424.61
2026-02-10 21:17,424.32
2026-02-10 21:18,424.17
2026-02-10 21:19,424.04
2026-02-10 21:20,424.23
2026-02-10 21:21,424.38
2026-02-10 21:22,424.57
2026-02-10 21:23,424.47
2026-02-10 21:24,424.74
2026-02-10 21:25,424.65
2026-02-10 21:26,424.7
2026-02-10 21:27,424.43
2026-02-10 21:28,424.69
2026-02-10 21:29,425.04
2026-02-10 21:30,425.29
2026-02-10 21:31,425.76
2026-02-10 21:32,425.7
2026-02-10 21:33,425.56
2026-02-10 21:34,425.33
2026-02-10 21:35,425.49
2026-02-10 21:36,425.57
2026-02-10 21:37,425.75
2026-02-10 21:38,425.8
2026-02-10 21:39,425.7
2026-02-10 21:40,425.72
2026-02-10 21:41,425.95
2026-02-10 21:42,425.72
2026-02-10 21:43,425.61
2026-02-10 21:44,425.52
2026-02-10 21:45,425.47
2026-02-10 21:46,425.45
2026-02-10 21:47,425.32
2026-02-10 21:48,425.52
2026-02-10 21:49,425.55
2026-02-10 21:50,425.35
2026-02-10 21:51,425.26
2026-02-10 21:52,425.28
2026-02-10 21:53,425.48
2026-02-10 21:54,425.34
2026-02-10 21:55,425.53
2026-02-10 21:56,425.84
2026-02-10 21:57,425.85
2026-02-10 21:58,425.85
2026-02-10 21:59,425.84
2026-02-10 22:00,425.83
2026-02-10 22:01,426.31
2026-02-10 22:02,425.72
2026-02-10 22:03,425.32
2026-02-10 22:04,425.18
2026-02-10 22:05,425.11
2026-02-10 22:06,424.93
2026-02-10 22:07,424.9
2026-02-10 22:08,424.96
2026-02-10 22:09,424.59
2026-02-10 22:10,424.43
2026-02-10 22:11,424.28
2026-02-10 22:12,424.56
2026-02-10 22:13,424.31
2026-02-10 22:14,424.16
2026-02-10 22:15,424.17
2026-02-10 22:16,424.19
2026-02-10 22:17,423.92
2026-02-10 22:18,424.4
2026-02-10 22:19,424.3
2026-02-10 22:20,424.42
2026-02-10 22:21,424.33
2026-02-10 22:22,424.48
2026-02-10 22:23,424.14
2026-02-10 22:24,423.95
2026-02-10 22:25,423.81
2026-02-10 22:26,423.89
2026-02-10 22:27,424.24
2026-02-10 22:28,424.57
2026-02-10 22:29,424.45
2026-02-10 22:30,424.85
2026-02-10 22:31,425.01
2026-02-10 22:32,424.52
2026-02-10 22:33,424.45
2026-02-10 22:34,424.26
2026-02-10 22:35,424.35
2026-02-10 22:36,424.3
2026-02-10 22:37,424.44
2026-02-10 22:38,424.41
2026-02-10 22:39,424.24
2026-02-10 22:40,424.28
2026-02-10 22:41,424.35
2026-02-10 22:42,424.16
2026-02-10 22:43,424.31
2026-02-10 22:44,424.07
2026-02-10 22:45,424.38
2026-02-10 22:46,424.54
2026-02-10 22:47,424.6
2026-02-10 22:48,424.85
2026-02-10 22:49,424.78
2026-02-10 22:50,425.77
2026-02-10 22:51,425.81
2026-02-10 22:52,426.48
2026-02-10 22:53,426.8
2026-02-10 22:54,426.88
2026-02-10 22:55,425.98
2026-02-10 22:56,425.43
2026-02-10 22:57,425.56
2026-02-10 22:58,425.57
2026-02-10 22:59,425.22
2026-02-10 23:00,425.19
2026-02-10 23:01,425.07
2026-02-10 23:02,424.74
2026-02-10 23:03,424.86
2026-02-10 23:04,425.09
2026-02-10 23:05,424.93
2026-02-10 23:06,424.93
2026-02-10 23:07,425.1
2026-02-10 23:08,425.14
2026-02-10 23:09,425.25
2026-02-10 23:10,425.48
2026-02-10 23:11,425.38
2026-02-10 23:12,425.32
2026-02-10 23:13,425.2
2026-02-10 23:14,425.45
2026-02-10 23:15,425.38
2026-02-10 23:16,425.3
2026-02-10 23:17,425.45
2026-02-10 23:18,425.39
2026-02-10 23:19,425.39
2026-02-10 23:20,425.35
2026-02-10 23:21,425.46
2026-02-10 23:22,425.42
2026-02-10 23:23,425.49
2026-02-10 23:24,425.5
2026-02-10 23:25,425.48
2026-02-10 23:26,425.5
2026-02-10 23:27,425.98
2026-02-10 23:28,425.5
2026-02-10 23:29,425.42
2026-02-10 23:30,425.7
2026-02-10 23:31,425.65
2026-02-10 23:32,425.71
2026-02-10 23:33,425.68
2026-02-10 23:34,425.75
2026-02-10 23:35,426.09
2026-02-10 23:36,425.87
2026-02-10 23:37,426.0
2026-02-10 23:38,425.89
2026-02-10 23:39,426.1
2026-02-10 23:40,426.17
2026-02-10 23:41,425.98
2026-02-10 23:42,425.88
2026-02-10 23:43,425.85
2026-02-10 23:44,426.0
2026-02-10 23:45,425.86
2026-02-10 23:46,425.87
2026-02-10 23:47,425.75
2026-02-10 23:48,425.71
2026-02-10 23:49,425.6
2026-02-10 23:50,425.57
2026-02-10 23:51,425.79
2026-02-10 23:52,425.77
2026-02-10 23:53,425.65
2026-02-10 23:54,425.6
2026-02-10 23:55,425.52
2026-02-10 23:56,425.6
2026-02-10 23:57,425.5
2026-02-10 23:58,425.5
2026-02-10 23:59,425.51
2026-02-11 00:00,425.5
2026-02-11 00:01,425.5
2026-02-11 00:02,425.5
2026-02-11 00:03,425.57
2026-02-11 00:04,425.57
2026-02-11 00:05,425.62
2026-02-11 00:06,425.65
2026-02-11 00:07,425.7
2026-02-11 00:08,425.56
2026-02-11 00:09,425.49
2026-02-11 00:10,425.49
2026-02-11 00:11,425.54
2026-02-11 00:12,425.52
2026-02-11 00:13,425.5
2026-02-11 00:14,425.57
2026-02-11 00:15,425.54
2026-02-11 00:16,425.25
2026-02-11 00:17,425.29
2026-02-11 00:18,425.34
2026-02-11 00:19,425.3
2026-02-11 00:20,425.3
2026-02-11 00:21,425.3
2026-02-11 00:22,425.3
2026-02-11 00:23,425.36
2026-02-11 00:24,425.27
2026-02-11 00:25,425.29
2026-02-11 00:26,425.31
2026-02-11 00:27,425.3
2026-02-11 00:28,425.25
2026-02-11 00:29,425.2
2026-02-11 00:30,425.2
2026-02-11 00:31,425.15
2026-02-11 00:32,425.16
2026-02-11 00:33,425.09
2026-02-11 00:34,425.07
2026-02-11 00:35,425.07
2026-02-11 00:36,425.03
2026-02-11 00:37,425.05
2026-02-11 00:38,425.02
2026-02-11 00:39,425.07
2026-02-11 00:40,425.07
2026-02-11 00:41,425.01
2026-02-11 00:42,425.04
2026-02-11 00:43,425.05
2026-02-11 00:44,425.05
2026-02-11 00:45,425.05
2026-02-11 00:46,425.1
2026-02-11 00:47,425.05
2026-02-11 00:48,425.03
2026-02-11 00:49,425.08
2026-02-11 00:50,425.05
2026-02-11 00:51,425.06
2026-02-11 00:52,425.05
2026-02-11 00:53,425.05
2026-02-11 00:54,425.08
2026-02-11 00:55,425.05
2026-02-11 00:56,425.08
2026-02-11 00:57,425.08
2026-02-11 00:58,425.08
2026-02-11 00:59,425.06
2026-02-11 01:00,425.31
2026-02-11 01:01,425.37
2026-02-11 01:02,425.26
2026-02-11 01:03,425.16
2026-02-11 01:04,425.21
2026-02-11 01:05,425.26
2026-02-11 01:06,425.29
2026-02-11 01:07,425.29
2026-02-11 01:08,425.2
2026-02-11 01:09,425.25
2026-02-11 01:10,425.23
2026-02-11 01:11,425.18
2026-02-11 01:12,425.19
2026-02-11 01:13,425.12
2026-02-11 01:14,425.12
2026-02-11 01:15,425.12
2026-02-11 01:16,425.18
2026-02-11 01:17,425.11
2026-02-11 01:18,425.12
2026-02-11 01:19,425.1
2026-02-11 01:20,425.15
2026-02-11 01:21,425.25
2026-02-11 01:22,425.25
2026-02-11 01:23,425.23
2026-02-11 01:24,425.16
2026-02-11 01:25,425.15
2026-02-11 01:26,425.17
2026-02-11 01:27,425.1
2026-02-11 01:28,425.16
2026-02-11 01:29,425.1
2026-02-11 01:30,425.19
2026-02-11 01:31,425.13
2026-02-11 01:32,425.1
2026-02-11 01:33,425.08
2026-02-11 01:34,425.04
2026-02-11 01:35,425.05
2026-02-11 01:36,424.98
2026-02-11 01:37,424.9
2026-02-11 01:38,424.92
2026-02-11 01:39,425.06
2026-02-11 01:40,425.1
2026-02-11 01:41,425.15
2026-02-11 01:42,425.19
2026-02-11 01:43,425.18
2026-02-11 01:44,425.27
2026-02-11 01:45,425.15
2026-02-11 01:46,425.23
2026-02-11 01:47,425.27
2026-02-11 01:48,425.4
2026-02-11 01:49,425.51
2026-02-11 01:50,425.6
2026-02-11 01:51,425.52
2026-02-11 01:52,425.54
2026-02-11 01:53,425.49
2026-02-11 01:54,425.26
2026-02-11 01:55,425.41
2026-02-11 01:56,425.25
2026-02-11 01:57,425.24
2026-02-11 01:58,425.27
2026-02-11 01:59,425.26
2026-02-11 02:00,425.22
2026-02-11 02:01,425.15
2026-02-11 02:02,425.27
2026-02-11 02:03,425.27
2026-02-11 02:04,425.35
2026-02-11 02:05,425.45
2026-02-11 02:06,425.5
2026-02-11 02:07,425.42
2026-02-11 02:08,425.48
2026-02-11 02:09,425.44
2026-02-11 02:10,425.55
2026-02-11 02:11,425.6
2026-02-11 02:12,425.5
2026-02-11 02:13,425.5
2026-02-11 02:14,425.57
2026-02-11 02:15,425.45
2026-02-11 02:16,425.45
2026-02-11 02:17,425.49
2026-02-11 02:18,425.41
2026-02-11 02:19,425.39
2026-02-11 02:20,425.31
2026-02-11 02:21,425.44
2026-02-11 02:22,425.36
2026-02-11 02:23,425.43
2026-02-11 02:24,425.45
2026-02-11 02:25,425.45
2026-02-11 02:26,425.53
2026-02-11 02:27,425.65
2026-02-11 02:28,425.6
2026-02-11 02:29,425.62
2026-02-11 02:30,425.7
2026-02-11 02:31,425.53
2026-02-11 02:32,425.6
2026-02-11 02:33,425.65
2026-02-11 02:34,425.64
2026-02-11 02:35,425.63
2026-02-11 02:36,425.68
2026-02-11 02:37,425.74
2026-02-11 02:38,425.72
2026-02-11 02:39,425.77
2026-02-11 02:40,425.78
2026-02-11 02:41,425.88
2026-02-11 02:42,425.83
2026-02-11 02:43,425.92
2026-02-11 02:44,425.92
2026-02-11 02:45,425.81
2026-02-11 02:46,425.81
2026-02-11 02:47,425.81
2026-02-11 02:48,425.8
2026-02-11 02:49,425.88
2026-02-11 02:50,425.88
2026-02-11 02:51,425.86
2026-02-11 02:52,425.79
2026-02-11 02:53,425.75
2026-02-11 02:54,425.78
2026-02-11 02:55,425.78
2026-02-11 02:56,425.78
2026-02-11 02:57,425.87
2026-02-11 02:58,425.79
2026-02-11 02:59,425.9
2026-02-11 11:00,424.5
2026-02-11 11:01,424.44
2026-02-11 11:02,424.61
2026-02-11 11:03,424.8
2026-02-11 11:04,425.0
2026-02-11 11:05,425.17
2026-02-11 11:06,425.0
2026-02-11 11:08,425.01
2026-02-11 11:09,424.7
2026-02-11 11:10,424.83
2026-02-11 11:11,424.81
2026-02-11 11:12,424.68
2026-02-11 11:13,424.44
2026-02-11 11:14,424.5
2026-02-11 11:15,424.49
2026-02-11 11:16,424.35
2026-02-11 11:17,424.39
2026-02-11 11:18,424.33
2026-02-11 11:19,424.21
2026-02-11 11:20,424.19
2026-02-11 11:21,424.2
2026-02-11 11:22,424.0
2026-02-11 11:23,424.0
2026-02-11 11:24,424.24
2026-02-11 11:25,424.33
2026-02-11 11:26,424.55
2026-02-11 11:28,424.46
2026-02-11 11:30,424.45
2026-02-11 11:31,424.33
2026-02-11 11:32,424.12
2026-02-11 11:33,423.9
2026-02-11 11:34,424.0
2026-02-11 11:35,424.1
2026-02-11 11:36,423.9
2026-02-11 11:37,423.77
2026-02-11 11:38,423.8
2026-02-11 11:39,423.62
2026-02-11 11:40,423.54
2026-02-11 11:41,423.58
2026-02-11 11:42,423.52
2026-02-11 11:43,423.59
2026-02-11 11:44,423.72
2026-02-11 11:45,423.8
2026-02-11 11:46,424.06
2026-02-11 11:47,423.9
2026-02-11 11:48,424.22
2026-02-11 11:49,423.95
2026-02-11 11:50,423.95
2026-02-11 11:51,424.0
2026-02-11 11:52,424.0
2026-02-11 11:53,424.0
2026-02-11 11:54,424.01
2026-02-11 11:55,423.77
2026-02-11 11:56,423.7
2026-02-11 11:57,423.59
2026-02-11 11:58,423.56
2026-02-11 11:59,423.56
2026-02-11 12:00,423.21
2026-02-11 12:01,423.01
2026-02-11 12:02,422.7
2026-02-11 12:03,422.88
2026-02-11 12:04,422.71
2026-02-11 12:05,422.88
2026-02-11 12:06,422.7
2026-02-11 12:07,422.69
2026-02-11 12:08,422.6
2026-02-11 12:09,422.33
2026-02-11 12:10,422.8
2026-02-11 12:11,422.7
2026-02-11 12:12,422.7
2026-02-11 12:13,422.5
2026-02-11 12:14,422.64
2026-02-11 12:15,422.55
2026-02-11 12:16,422.45
2026-02-11 12:17,422.37
2026-02-11 12:18,422.65
2026-02-11 12:19,422.45
2026-02-11 12:20,422.36
2026-02-11 12:21,422.6
2026-02-11 12:22,422.93
2026-02-11 12:23,422.81
2026-02-11 12:24,422.69
2026-02-11 12:25,422.69
2026-02-11 12:26,422.75
2026-02-11 12:27,422.61
2026-02-11 12:28,422.85
2026-02-11 12:29,423.15
2026-02-11 12:30,423.08
2026-02-11 12:31,423.14
2026-02-11 12:32,423.33
2026-02-11 12:33,423.3
2026-02-11 12:34,423.2
2026-02-11 12:35,423.12
2026-02-11 12:36,423.14
2026-02-11 12:37,423.26
2026-02-11 12:38,423.3
2026-02-11 12:39,423.2
2026-02-11 12:40,423.11
2026-02-11 12:41,423.04
2026-02-11 12:42,423.0
2026-02-11 12:43,422.94
2026-02-11 12:44,422.8
2026-02-11 12:45,422.8
2026-02-11 12:46,422.7
2026-02-11 12:47,422.7
2026-02-11 12:48,422.7
2026-02-11 12:49,422.61
2026-02-11 12:50,422.44
2026-02-11 12:51,422.5
2026-02-11 12:52,422.33
2026-02-11 12:53,422.64
2026-02-11 12:54,422.45
2026-02-11 12:55,422.5
2026-02-11 12:56,422.7
2026-02-11 12:57,422.65
2026-02-11 12:58,422.67
2026-02-11 12:59,422.88
2026-02-11 13:00,422.94
2026-02-11 13:01,423.1
2026-02-11 13:02,423.13
2026-02-11 13:03,423.0
2026-02-11 13:04,423.3
2026-02-11 13:05,423.2
2026-02-11 13:06,423.25
2026-02-11 13:07,423.41
2026-02-11 13:08,423.24
2026-02-11 13:09,423.1
2026-02-11 13:11,423.1
2026-02-11 13:12,423.1
2026-02-11 13:13,423.1
2026-02-11 13:14,423.15
2026-02-11 13:15,423.16
2026-02-11 13:16,423.16
2026-02-11 13:17,423.3
2026-02-11 13:18,423.32
2026-02-11 13:19,423.34
2026-02-11 13:20,423.55
2026-02-11 13:21,423.7
2026-02-11 13:22,423.75
2026-02-11 13:23,423.75
2026-02-11 13:24,423.77
2026-02-11 13:25,423.87
2026-02-11 13:26,423.9
2026-02-11 13:27,423.78
2026-02-11 13:28,423.72
2026-02-11 13:30,423.72
2026-02-11 13:31,423.66
2026-02-11 13:33,423.7
2026-02-11 13:34,423.69
2026-02-11 13:35,423.71
2026-02-11 13:36,423.83
2026-02-11 13:37,423.85
2026-02-11 13:38,423.85
2026-02-11 13:39,423.81
2026-02-11 13:40,423.71
2026-02-11 13:41,423.68
2026-02-11 13:42,423.6
2026-02-11 13:43,423.33
2026-02-11 13:44,423.3
2026-02-11 13:45,423.3
2026-02-11 13:46,423.39
2026-02-11 13:47,423.39
2026-02-11 13:48,423.28
2026-02-11 13:49,423.29
2026-02-11 13:50,423.36
2026-02-11 13:51,423.4
2026-02-11 13:52,423.45
2026-02-11 13:53,423.4
2026-02-11 13:54,423.55
2026-02-11 13:55,423.48
2026-02-11 13:56,423.23
2026-02-11 13:57,423.25
2026-02-11 13:58,423.24
2026-02-11 13:59,423.4
2026-02-11 14:00,423.48
2026-02-11 14:01,423.66
2026-02-11 14:02,423.75
2026-02-11 14:04,423.5
2026-02-11 14:05,423.58
2026-02-11 14:06,423.52
2026-02-11 14:07,423.8
2026-02-11 14:08,423.9
2026-02-11 14:09,423.9
2026-02-11 14:10,424.1
2026-02-11 14:11,424.2
2026-02-11 14:12,424.4
2026-02-11 14:13,424.52
2026-02-11 14:14,424.56
2026-02-11 14:15,424.6
2026-02-11 14:16,424.6
2026-02-11 14:17,424.66
2026-02-11 14:18,424.56
2026-02-11 14:19,424.56
2026-02-11 14:20,424.83
2026-02-11 14:21,424.7
2026-02-11 14:22,424.94
2026-02-11 14:23,425.0
2026-02-11 14:24,424.92
2026-02-11 14:25,424.7
2026-02-11 14:26,424.7
2026-02-11 14:27,424.55
2026-02-11 14:28,424.52
2026-02-11 14:29,424.66
2026-02-11 14:30,424.5
2026-02-11 14:31,424.39
2026-02-11 14:32,424.2
2026-02-11 14:33,424.36
2026-02-11 14:34,424.32
2026-02-11 14:35,424.23
2026-02-11 14:36,424.26
2026-02-11 14:37,424.39
2026-02-11 14:38,424.49
2026-02-11 14:39,424.43
2026-02-11 14:40,424.39
2026-02-11 14:41,424.3
2026-02-11 14:42,424.22
2026-02-11 14:43,424.14
2026-02-11 14:44,424.13
2026-02-11 14:45,424.22
2026-02-11 14:46,424.11
2026-02-11 14:47,424.0
2026-02-11 14:48,423.94
2026-02-11 14:49,423.9
2026-02-11 14:50,423.9
2026-02-11 14:51,423.99
2026-02-11 14:52,423.85
2026-02-11 14:53,424.02
2026-02-11 14:54,424.11
2026-02-11 14:55,424.01
2026-02-11 14:56,424.3
2026-02-11 14:57,424.35
2026-02-11 14:58,424.24
2026-02-11 14:59,424.38
2026-02-11 15:00,424.15
2026-02-11 15:01,424.37
2026-02-11 15:02,424.29
2026-02-11 15:03,424.23
2026-02-11 15:04,424.26
2026-02-11 15:05,424.32
2026-02-11 15:06,424.16
2026-02-11 15:07,424.2
2026-02-11 15:08,424.0
2026-02-11 15:09,423.99
2026-02-11 15:10,423.78
2026-02-11 15:11,423.84
2026-02-11 15:12,423.65
2026-02-11 15:13,423.5
2026-02-11 15:14,423.66
2026-02-11 15:15,423.56
2026-02-11 15:16,423.55
2026-02-11 15:17,423.5
2026-02-11 15:18,423.84
2026-02-11 15:19,423.95
2026-02-11 15:20,423.9
2026-02-11 15:21,423.94
2026-02-11 15:22,423.85
2026-02-11 15:23,423.62
2026-02-11 15:24,423.77
2026-02-11 15:25,423.68
2026-02-11 15:26,423.64
2026-02-11 15:27,423.75
2026-02-11 15:28,423.75
2026-02-11 15:29,423.75
2026-02-11 15:30,424.96
2026-02-11 15:31,425.72
2026-02-11 15:32,426.58
2026-02-11 15:33,427.03
2026-02-11 15:34,427.32
2026-02-11 15:35,426.57
2026-02-11 15:36,426.78
2026-02-11 15:37,426.15
2026-02-11 15:38,426.23
2026-02-11 15:39,425.91
2026-02-11 15:40,426.19
2026-02-11 15:41,426.1
2026-02-11 15:42,426.43
2026-02-11 15:43,426.33
2026-02-11 15:44,426.35
2026-02-11 15:45,427.09
2026-02-11 15:46,427.41
2026-02-11 15:47,427.47
2026-02-11 15:48,427.16
2026-02-11 15:49,427.22
2026-02-11 15:50,427.38
2026-02-11 15:51,427.11
2026-02-11 15:52,427.06
2026-02-11 15:53,427.16
2026-02-11 15:54,427.5
2026-02-11 15:55,427.99
2026-02-11 15:56,428.02
2026-02-11 15:57,428.1
2026-02-11 15:58,427.88
2026-02-11 15:59,427.74
2026-02-11 16:00,427.8
2026-02-11 16:01,427.6
2026-02-11 16:02,427.56
2026-02-11 16:03,427.62
2026-02-11 16:04,427.81
2026-02-11 16:05,427.43
2026-02-11 16:06,427.67
2026-02-11 16:07,427.44
2026-02-11 16:08,427.3
2026-02-11 16:09,426.97
2026-02-11 16:10,427.3
2026-02-11 16:11,427.34
2026-02-11 16:12,427.26
2026-02-11 16:13,427.43
2026-02-11 16:14,427.32
2026-02-11 16:15,427.25
2026-02-11 16:16,427.24
2026-02-11 16:17,426.87
2026-02-11 16:18,426.88
2026-02-11 16:19,426.56
2026-02-11 16:20,426.65
2026-02-11 16:21,426.86
2026-02-11 16:22,427.07
2026-02-11 16:23,427.15
2026-02-11 16:24,427.1
2026-02-11 16:25,427.24
2026-02-11 16:26,427.15
2026-02-11 16:27,428.04
2026-02-11 16:28,427.98
2026-02-11 16:29,427.92
2026-02-11 16:30,431.06
2026-02-11 16:31,430.99
2026-02-11 16:32,433.01
2026-02-11 16:33,435.43
2026-02-11 16:34,434.25
2026-02-11 16:35,435.21
2026-02-11 16:36,434.42
2026-02-11 16:37,434.77
2026-02-11 16:38,432.75
2026-02-11 16:39,433.0
2026-02-11 16:40,434.17
2026-02-11 16:41,434.96
2026-02-11 16:42,433.7
2026-02-11 16:43,434.53
2026-02-11 16:44,434.73
2026-02-11 16:45,434.69
2026-02-11 16:46,434.52
2026-02-11 16:47,434.26
2026-02-11 16:48,435.73
2026-02-11 16:49,435.11
2026-02-11 16:50,433.79
2026-02-11 16:51,434.62
2026-02-11 16:52,433.85
2026-02-11 16:53,433.48
2026-02-11 16:54,433.4
2026-02-11 16:55,433.62
2026-02-11 16:56,432.61
2026-02-11 16:57,432.24
2026-02-11 16:58,431.18
2026-02-11 16:59,431.32
2026-02-11 17:00,431.3
2026-02-11 17:01,431.12
2026-02-11 17:02,429.19
2026-02-11 17:03,428.89
2026-02-11 17:04,428.27
2026-02-11 17:05,428.0
2026-02-11 17:06,427.74
2026-02-11 17:07,427.64
2026-02-11 17:08,427.14
2026-02-11 17:09,426.41
2026-02-11 17:10,426.81
2026-02-11 17:11,425.28
2026-02-11 17:12,424.36
2026-02-11 17:13,423.45
2026-02-11 17:14,424.73
2026-02-11 17:15,424.12
2026-02-11 17:16,423.61
2026-02-11 17:17,423.46
2026-02-11 17:18,423.48
2026-02-11 17:19,422.56
2026-02-11 17:20,422.4
2026-02-11 17:21,422.41
2026-02-11 17:22,422.29
2026-02-11 17:23,422.58
2026-02-11 17:24,422.13
2026-02-11 17:25,422.85
2026-02-11 17:26,421.93
2026-02-11 17:27,421.87
2026-02-11 17:28,422.88
2026-02-11 17:29,421.72
2026-02-11 17:30,422.18
2026-02-11 17:31,422.43
2026-02-11 17:32,422.52
2026-02-11 17:33,421.29
2026-02-11 17:34,421.06
2026-02-11 17:35,421.55
2026-02-11 17:36,421.06
2026-02-11 17:37,420.77
2026-02-11 17:38,422.24
2026-02-11 17:39,422.71
2026-02-11 17:40,423.15
2026-02-11 17:41,423.17
2026-02-11 17:42,422.91
2026-02-11 17:43,423.04
2026-02-11 17:44,423.54
2026-02-11 17:45,423.08
2026-02-11 17:46,422.65
2026-02-11 17:47,422.97
2026-02-11 17:48,422.49
2026-02-11 17:49,422.42
2026-02-11 17:50,422.36
2026-02-11 17:51,423.56
2026-02-11 17:52,424.2
2026-02-11 17:53,424.63
2026-02-11 17:54,424.76
2026-02-11 17:55,424.86
2026-02-11 17:56,424.35
2026-02-11 17:57,424.32
2026-02-11 17:58,424.3
2026-02-11 17:59,424.07
2026-02-11 18:00,424.2
2026-02-11 18:01,424.57
2026-02-11 18:02,424.41
2026-02-11 18:03,424.26
2026-02-11 18:04,424.9
2026-02-11 18:05,424.43
2026-02-11 18:06,424.48
2026-02-11 18:07,424.23
2026-02-11 18:08,423.98
2026-02-11 18:09,423.94
2026-02-11 18:10,425.02
2026-02-11 18:11,425.36
2026-02-11 18:12,425.81
2026-02-11 18:13,426.35
2026-02-11 18:14,426.47
2026-02-11 18:15,426.16
2026-02-11 18:16,426.19
2026-02-11 18:17,426.08
2026-02-11 18:18,425.57
2026-02-11 18:19,426.25
2026-02-11 18:20,426.38
2026-02-11 18:21,426.02
2026-02-11 18:22,426.33
2026-02-11 18:23,426.64
2026-02-11 18:24,426.58
2026-02-11 18:25,426.86
2026-02-11 18:26,426.7
2026-02-11 18:27,426.38
2026-02-11 18:28,426.74
2026-02-11 18:29,426.4
2026-02-11 18:30,426.61
2026-02-11 18:31,426.36
2026-02-11 18:32,425.63
2026-02-11 18:33,426.22
2026-02-11 18:34,425.87
2026-02-11 18:35,425.86
2026-02-11 18:36,425.21
2026-02-11 18:37,425.08
2026-02-11 18:38,425.21
2026-02-11 18:39,426.03
2026-02-11 18:40,426.36
2026-02-11 18:41,425.37
2026-02-11 18:42,424.74
2026-02-11 18:43,424.61
2026-02-11 18:44,424.79
2026-02-11 18:45,424.95
2026-02-11 18:46,425.18
2026-02-11 18:47,425.0
2026-02-11 18:48,425.11
2026-02-11 18:49,424.89
2026-02-11 18:50,424.66
2026-02-11 18:51,424.94
2026-02-11 18:52,424.88
2026-02-11 18:53,424.16
2026-02-11 18:54,424.23
2026-02-11 18:55,424.18
2026-02-11 18:56,423.4
2026-02-11 18:57,423.7
2026-02-11 18:58,423.63
2026-02-11 18:59,423.61
2026-02-11 19:00,423.1
2026-02-11 19:01,422.71
2026-02-11 19:02,422.77
2026-02-11 19:03,422.61
2026-02-11 19:04,422.23
2026-02-11 19:05,422.32
2026-02-11 19:06,422.51
2026-02-11 19:07,422.84
2026-02-11 19:08,422.79
2026-02-11 19:09,423.11
2026-02-11 19:10,423.05
2026-02-11 19:11,422.59
2026-02-11 19:12,423.11
2026-02-11 19:13,423.03
2026-02-11 19:14,422.83
2026-02-11 19:15,422.88
2026-02-11 19:16,423.45
2026-02-11 19:17,423.17
2026-02-11 19:18,422.93
2026-02-11 19:19,422.85
2026-02-11 19:20,422.74
2026-02-11 19:21,423.03
2026-02-11 19:22,423.5
2026-02-11 19:23,423.6
2026-02-11 19:24,423.88
2026-02-11 19:25,424.56
2026-02-11 19:26,424.82
2026-02-11 19:27,424.33
2026-02-11 19:28,424.57
2026-02-11 19:29,424.76
2026-02-11 19:30,424.73
2026-02-11 19:31,425.2
2026-02-11 19:32,425.16
2026-02-11 19:33,425.85
2026-02-11 19:34,425.95
2026-02-11 19:35,426.01
2026-02-11 19:36,425.63
2026-02-11 19:37,425.53
2026-02-11 19:38,425.38
2026-02-11 19:39,425.29
2026-02-11 19:40,425.48
2026-02-11 19:41,425.26
2026-02-11 19:42,425.42
2026-02-11 19:43,425.45
2026-02-11 19:44,425.42
2026-02-11 19:45,425.09
2026-02-11 19:46,425.43
2026-02-11 19:47,424.86
2026-02-11 19:48,424.69
2026-02-11 19:49,424.57
2026-02-11 19:50,424.24
2026-02-11 19:51,424.83
2026-02-11 19:52,424.85
2026-02-11 19:53,424.55
2026-02-11 19:54,424.49
2026-02-11 19:55,424.06
2026-02-11 19:56,423.59
2026-02-11 19:57,423.51
2026-02-11 19:58,423.35
2026-02-11 19:59,423.66
2026-02-11 20:00,423.59
2026-02-11 20:01,423.21
2026-02-11 20:02,423.23
2026-02-11 20:03,423.38
2026-02-11 20:04,423.45
2026-02-11 20:05,423.21
2026-02-11 20:06,423.0
2026-02-11 20:07,422.96
2026-02-11 20:08,422.98
2026-02-11 20:09,422.83
2026-02-11 20:10,422.44
2026-02-11 20:11,422.43
2026-02-11 20:12,422.48
2026-02-11 20:13,422.59
2026-02-11 20:14,422.62
2026-02-11 20:15,422.55
2026-02-11 20:16,423.47
2026-02-11 20:17,423.56
2026-02-11 20:18,423.61
2026-02-11 20:19,423.12
2026-02-11 20:20,422.94
2026-02-11 20:21,422.83
2026-02-11 20:22,423.33
2026-02-11 20:23,423.34
2026-02-11 20:24,423.6
2026-02-11 20:25,423.8
2026-02-11 20:26,424.0
2026-02-11 20:27,424.37
2026-02-11 20:28,424.67
2026-02-11 20:29,424.74
2026-02-11 20:30,424.76
2026-02-11 20:31,424.43
2026-02-11 20:32,424.01
2026-02-11 20:33,424.3
2026-02-11 20:34,423.85
2026-02-11 20:35,423.92
2026-02-11 20:36,424.17
2026-02-11 20:37,424.05
2026-02-11 20:38,424.61
2026-02-11 20:39,424.62
2026-02-11 20:40,424.25
2026-02-11 20:41,423.94
2026-02-11 20:42,424.11
2026-02-11 20:43,424.15
2026-02-11 20:44,424.3
2026-02-11 20:45,424.3
2026-02-11 20:46,424.68
2026-02-11 20:47,424.44
2026-02-11 20:48,424.67
2026-02-11 20:49,425.28
2026-02-11 20:50,424.96
2026-02-11 20:51,425.08
2026-02-11 20:52,425.17
2026-02-11 20:53,425.34
2026-02-11 20:54,425.52
2026-02-11 20:55,425.84
2026-02-11 20:56,425.76
2026-02-11 20:57,425.76
2026-02-11 20:58,425.43
2026-02-11 20:59,425.52
2026-02-11 21:00,425.48
2026-02-11 21:01,425.63
2026-02-11 21:02,425.79
2026-02-11 21:03,425.07
2026-02-11 21:04,425.43
2026-02-11 21:05,425.18
2026-02-11 21:06,425.24
2026-02-11 21:07,425.66
2026-02-11 21:08,425.51
2026-02-11 21:09,425.05
2026-02-11 21:10,425.05
2026-02-11 21:11,425.28
2026-02-11 21:12,425.64
2026-02-11 21:13,426.29
2026-02-11 21:14,426.18
2026-02-11 21:15,426.15
2026-02-11 21:16,425.98
2026-02-11 21:17,426.13
2026-02-11 21:18,426.05
2026-02-11 21:19,425.99
2026-02-11 21:20,426.1
2026-02-11 21:21,426.33
2026-02-11 21:22,426.28
2026-02-11 21:23,426.95
2026-02-11 21:24,427.2
2026-02-11 21:25,427.48
2026-02-11 21:26,427.63
2026-02-11 21:27,427.53
2026-02-11 21:28,427.23
2026-02-11 21:29,427.56
2026-02-11 21:30,426.88
2026-02-11 21:31,427.2
2026-02-11 21:32,426.97
2026-02-11 21:33,426.94
2026-02-11 21:34,426.69
2026-02-11 21:35,427.29
2026-02-11 21:36,427.35
2026-02-11 21:37,427.42
2026-02-11 21:38,427.58
2026-02-11 21:39,427.1
2026-02-11 21:40,427.52
2026-02-11 21:41,427.4
2026-02-11 21:42,427.54
2026-02-11 21:43,427.39
2026-02-11 21:44,427.28
2026-02-11 21:45,426.31
2026-02-11 21:46,427.5
2026-02-11 21:47,427.17
2026-02-11 21:48,427.19
2026-02-11 21:49,427.03
2026-02-11 21:50,426.89
2026-02-11 21:51,426.88
2026-02-11 21:52,427.08
2026-02-11 21:53,426.89
2026-02-11 21:54,426.89
2026-02-11 21:55,426.78
2026-02-11 21:56,426.68
2026-02-11 21:57,427.05
2026-02-11 21:58,426.69
2026-02-11 21:59,427.01
2026-02-11 22:00,426.84
2026-02-11 22:01,426.92
2026-02-11 22:02,426.86
2026-02-11 22:03,426.82
2026-02-11 22:04,426.85
2026-02-11 22:05,426.83
2026-02-11 22:06,426.59
2026-02-11 22:07,426.34
2026-02-11 22:08,425.94
2026-02-11 22:09,426.27
2026-02-11 22:10,426.32
2026-02-11 22:11,426.29
2026-02-11 22:12,426.23
2026-02-11 22:13,426.58
2026-02-11 22:14,426.49
2026-02-11 22:15,426.91
2026-02-11 22:16,426.56
2026-02-11 22:17,426.44
2026-02-11 22:18,426.43
2026-02-11 22:19,426.71
2026-02-11 22:20,426.79
2026-02-11 22:21,426.45
2026-02-11 22:22,426.13
2026-02-11 22:23,426.22
2026-02-11 22:24,425.99
2026-02-11 22:25,425.98
2026-02-11 22:26,425.9
2026-02-11 22:27,425.82
2026-02-11 22:28,426.07
2026-02-11 22:29,425.86
2026-02-11 22:30,425.99
2026-02-11 22:31,426.29
2026-02-11 22:32,426.14
2026-02-11 22:33,426.3
2026-02-11 22:34,426.19
2026-02-11 22:35,426.02
2026-02-11 22:36,426.39
2026-02-11 22:37,426.33
2026-02-11 22:38,426.13
2026-02-11 22:39,426.86
2026-02-11 22:40,427.22
2026-02-11 22:41,427.04
2026-02-11 22:42,427.05
2026-02-11 22:43,427.04
2026-02-11 22:44,427.0
2026-02-11 22:45,427.13
2026-02-11 22:46,426.96
2026-02-11 22:47,427.09
2026-02-11 22:48,427.49
2026-02-11 22:49,427.26
2026-02-11 22:50,427.62
2026-02-11 22:51,427.45
2026-02-11 22:52,427.51
2026-02-11 22:53,427.73
2026-02-11 22:54,427.59
2026-02-11 22:55,428.86
2026-02-11 22:56,428.74
2026-02-11 22:57,428.49
2026-02-11 22:58,428.3
2026-02-11 22:59,428.15
2026-02-11 23:00,428.27
2026-02-11 23:01,428.42
2026-02-11 23:02,428.21
2026-02-11 23:03,428.0
2026-02-11 23:04,427.84
2026-02-11 23:05,427.96
2026-02-11 23:06,427.93
2026-02-11 23:07,427.94
2026-02-11 23:08,427.9
2026-02-11 23:09,427.73
2026-02-11 23:10,427.74
2026-02-11 23:11,427.62
2026-02-11 23:12,427.8
2026-02-11 23:13,427.8
2026-02-11 23:14,427.8
2026-02-11 23:15,428.01
2026-02-11 23:16,428.26
2026-02-11 23:17,428.34
2026-02-11 23:18,428.22
2026-02-11 23:19,428.2
2026-02-11 23:20,428.25
2026-02-11 23:21,428.25
2026-02-11 23:22,428.17
2026-02-11 23:23,427.87
2026-02-11 23:24,428.0
2026-02-11 23:25,428.02
2026-02-11 23:26,428.0
2026-02-11 23:27,427.63
2026-02-11 23:28,427.72
2026-02-11 23:29,427.85
2026-02-11 23:30,427.92
2026-02-11 23:31,427.84
2026-02-11 23:32,427.92
2026-02-11 23:33,427.84
2026-02-11 23:34,427.78
2026-02-11 23:35,427.88
2026-02-11 23:36,427.81
2026-02-11 23:37,427.87
2026-02-11 23:38,427.86
2026-02-11 23:39,427.92
2026-02-11 23:40,427.98
2026-02-11 23:41,427.97
2026-02-11 23:42,427.95
2026-02-11 23:43,428.0
2026-02-11 23:44,427.89
2026-02-11 23:45,427.9
2026-02-11 23:46,428.05
2026-02-11 23:47,428.03
2026-02-11 23:48,428.01
2026-02-11 23:49,428.04
2026-02-11 23:50,428.05
2026-02-11 23:51,428.07
2026-02-11 23:52,428.14
2026-02-11 23:53,428.0
2026-02-11 23:54,427.94
2026-02-11 23:55,427.94
2026-02-11 23:56,427.94
2026-02-11 23:57,427.93
2026-02-11 23:58,427.95
2026-02-11 23:59,427.86
2026-02-12 00:00,427.95
2026-02-12 00:01,427.91
2026-02-12 00:02,427.98
2026-02-12 00:03,427.94
2026-02-12 00:04,427.93
2026-02-12 00:05,427.92
2026-02-12 00:06,427.9
2026-02-12 00:07,427.87
2026-02-12 00:08,427.8
2026-02-12 00:09,427.75
2026-02-12 00:10,427.67
2026-02-12 00:11,427.68
2026-02-12 00:12,427.68
2026-02-12 00:13,427.62
2026-02-12 00:14,427.65
2026-02-12 00:15,427.61
2026-02-12 00:16,427.6
2026-02-12 00:17,427.65
2026-02-12 00:18,427.62
2026-02-12 00:19,427.62
2026-02-12 00:20,427.59
2026-02-12 00:21,427.59
2026-02-12 00:22,427.5
2026-02-12 00:23,427.45
2026-02-12 00:24,427.45
2026-02-12 00:25,427.42
2026-02-12 00:26,427.5
2026-02-12 00:27,427.6
2026-02-12 00:28,427.53
2026-02-12 00:29,427.5
2026-02-12 00:30,427.59
2026-02-12 00:31,427.59
2026-02-12 00:32,427.67
2026-02-12 00:33,427.85
2026-02-12 00:34,427.82
2026-02-12 00:35,427.85
2026-02-12 00:36,427.93
2026-02-12 00:37,427.83
2026-02-12 00:38,427.79
2026-02-12 00:39,427.71
2026-02-12 00:40,427.69
2026-02-12 00:41,427.79
2026-02-12 00:42,427.75
2026-02-12 00:43,427.66
2026-02-12 00:44,427.62
2026-02-12 00:45,427.64
2026-02-12 00:46,427.74
2026-02-12 00:47,427.68
2026-02-12 00:48,427.61
2026-02-12 00:49,427.62
2026-02-12 00:50,427.64
2026-02-12 00:51,427.62
2026-02-12 00:52,427.55
2026-02-12 00:53,427.6
2026-02-12 00:54,427.5
2026-02-12 00:55,427.85
2026-02-12 00:56,427.78
2026-02-12 00:57,427.75
2026-02-12 00:58,427.8
2026-02-12 00:59,427.71
2026-02-12 01:00,427.51
2026-02-12 01:01,427.75
2026-02-12 01:02,427.62
2026-02-12 01:03,427.69
2026-02-12 01:04,427.6
2026-02-12 01:05,427.61
2026-02-12 01:06,427.6
2026-02-12 01:07,427.5
2026-02-12 01:08,427.57
2026-02-12 01:09,427.61
2026-02-12 01:10,427.65
2026-02-12 01:11,427.6
2026-02-12 01:12,427.65
2026-02-12 01:13,427.65
2026-02-12 01:14,427.54
2026-02-12 01:15,427.5
2026-02-12 01:16,427.52
2026-02-12 01:17,427.59
2026-02-12 01:18,427.62
2026-02-12 01:19,427.53
2026-02-12 01:20,427.51
2026-02-12 01:21,427.51
2026-02-12 01:22,427.51
2026-02-12 01:23,427.53
2026-02-12 01:24,427.53
2026-02-12 01:25,427.53
2026-02-12 01:26,427.61
2026-02-12 01:27,427.56
2026-02-12 01:28,427.55
2026-02-12 01:29,427.57
2026-02-12 01:30,427.42
2026-02-12 01:31,427.25
2026-02-12 01:32,427.3
2026-02-12 01:33,427.49
2026-02-12 01:34,427.23
2026-02-12 01:35,427.13
2026-02-12 01:36,427.02
2026-02-12 01:37,427.25
2026-02-12 01:38,427.24
2026-02-12 01:39,427.36
2026-02-12 01:40,427.45
2026-02-12 01:41,427.44
2026-02-12 01:42,427.45
2026-02-12 01:43,427.5
2026-02-12 01:44,427.52
2026-02-12 01:45,427.36
2026-02-12 01:46,427.41
2026-02-12 01:47,427.41
2026-02-12 01:48,427.36
2026-02-12 01:49,427.22
2026-02-12 01:50,427.22
2026-02-12 01:51,427.24
2026-02-12 01:52,427.18
2026-02-12 01:53,427.14
2026-02-12 01:54,427.35
2026-02-12 01:55,427.25
2026-02-12 01:56,427.27
2026-02-12 01:57,427.18
2026-02-12 01:58,427.19
2026-02-12 01:59,427.05
2026-02-12 02:00,427.08
2026-02-12 02:01,427.2
2026-02-12 02:02,427.21
2026-02-12 02:03,427.14
2026-02-12 02:04,427.13
2026-02-12 02:05,427.13
2026-02-12 02:06,427.32
2026-02-12 02:07,427.27
2026-02-12 02:08,427.09
2026-02-12 02:09,427.02
2026-02-12 02:10,427.09
2026-02-12 02:11,427.01
2026-02-12 02:12,427.03
2026-02-12 02:13,427.08
2026-02-12 02:14,427.06
2026-02-12 02:15,427.04
2026-02-12 02:16,427.06
2026-02-12 02:17,427.05
2026-02-12 02:18,427.09
2026-02-12 02:19,427.12
2026-02-12 02:20,427.1
2026-02-12 02:21,427.0
2026-02-12 02:22,427.09
2026-02-12 02:23,426.97
2026-02-12 02:24,426.91
2026-02-12 02:25,426.98
2026-02-12 02:26,426.9
2026-02-12 02:27,427.05
2026-02-12 02:28,427.21
2026-02-12 02:29,427.03
2026-02-12 02:30,427.05
2026-02-12 02:31,427.05
2026-02-12 02:32,427.15
2026-02-12 02:33,427.15
2026-02-12 02:34,427.18
2026-02-12 02:35,427.3
2026-02-12 02:36,427.39
2026-02-12 02:37,427.49
2026-02-12 02:38,427.48
2026-02-12 02:39,427.39
2026-02-12 02:40,427.3
2026-02-12 02:41,427.23
2026-02-12 02:42,427.35
2026-02-12 02:43,427.4
2026-02-12 02:44,427.51
2026-02-12 02:45,427.4
2026-02-12 02:46,427.47
2026-02-12 02:47,427.5
2026-02-12 02:48,427.4
2026-02-12 02:49,427.35
2026-02-12 02:50,427.43
2026-02-12 02:51,427.42
2026-02-12 02:52,427.42
2026-02-12 02:53,427.43
2026-02-12 02:54,427.42
2026-02-12 02:55,427.43
2026-02-12 02:56,427.45
2026-02-12 02:57,427.5
2026-02-12 02:58,427.49
2026-02-12 02:59,427.57
2026-02-12 11:00,428.49
2026-02-12 11:01,429.2
2026-02-12 11:02,429.28
2026-02-12 11:03,429.59
2026-02-12 11:04,429.41
2026-02-12 11:05,429.14
2026-02-12 11:06,429.17
2026-02-12 11:07,429.31
2026-02-12 11:08,429.45
2026-02-12 11:09,429.47
2026-02-12 11:10,429.6
2026-02-12 11:11,429.48
2026-02-12 11:12,429.48
2026-02-12 11:13,429.48
2026-02-12 11:14,429.48
2026-02-12 11:15,429.6
2026-02-12 11:16,429.5
2026-02-12 11:17,429.5
2026-02-12 11:18,429.45
2026-02-12 11:19,429.43
2026-02-12 11:20,429.35
2026-02-12 11:21,429.5
2026-02-12 11:22,429.43
2026-02-12 11:23,429.44
2026-02-12 11:24,429.45
2026-02-12 11:25,429.5
2026-02-12 11:26,429.46
2026-02-12 11:27,429.5
2026-02-12 11:28,429.4
2026-02-12 11:29,429.25
2026-02-12 11:30,429.17
2026-02-12 11:31,429.2
2026-02-12 11:32,429.28
2026-02-12 11:33,429.27
2026-02-12 11:34,429.18
2026-02-12 11:35,429.28
2026-02-12 11:36,429.27
2026-02-12 11:37,429.37
2026-02-12 11:38,429.43
2026-02-12 11:39,429.3
2026-02-12 11:40,428.96
2026-02-12 11:41,428.92
2026-02-12 11:42,428.92
2026-02-12 11:43,429.05
2026-02-12 11:44,428.99
2026-02-12 11:46,428.81
2026-02-12 11:47,429.0
2026-02-12 11:48,428.87
2026-02-12 11:49,429.0
2026-02-12 11:51,429.0
2026-02-12 11:52,429.0
2026-02-12 11:54,429.05
2026-02-12 11:55,429.05
2026-02-12 11:56,429.19
2026-02-12 11:57,429.07
2026-02-12 11:58,429.13
2026-02-12 11:59,429.16
2026-02-12 12:00,429.13
2026-02-12 12:01,429.35
2026-02-12 12:02,429.35
2026-02-12 12:03,429.5
2026-02-12 12:04,429.35
2026-02-12 12:05,429.49
2026-02-12 12:06,429.5
2026-02-12 12:07,429.46
2026-02-12 12:08,429.44
2026-02-12 12:09,429.5
2026-02-12 12:10,429.37
2026-02-12 12:11,429.36
2026-02-12 12:12,429.06
2026-02-12 12:13,429.2
2026-02-12 12:14,429.32
2026-02-12 12:16,429.07
2026-02-12 12:17,429.21
2026-02-12 12:18,429.33
2026-02-12 12:19,429.28
2026-02-12 12:20,429.25
2026-02-12 12:21,429.02
2026-02-12 12:22,429.1
2026-02-12 12:23,428.95
2026-02-12 12:24,428.95
2026-02-12 12:25,428.95
2026-02-12 12:26,429.04
2026-02-12 12:27,428.95
2026-02-12 12:28,429.07
2026-02-12 12:29,429.16
2026-02-12 12:30,429.1
2026-02-12 12:31,429.09
2026-02-12 12:32,429.13
2026-02-12 12:33,429.2
2026-02-12 12:35,429.2
2026-02-12 12:36,429.2
2026-02-12 12:37,429.2
2026-02-12 12:51,429.32
2026-02-12 12:52,429.21
2026-02-12 12:53,429.26
2026-02-12 12:54,429.18
2026-02-12 12:55,429.27
2026-02-12 12:56,429.29
2026-02-12 12:57,429.29
2026-02-12 12:58,429.29
2026-02-12 12:59,429.29
2026-02-12 13:00,429.29
2026-02-12 13:01,429.21
2026-02-12 13:02,429.28
2026-02-12 13:03,429.27
2026-02-12 13:04,429.1
2026-02-12 13:05,429.13
2026-02-12 13:07,429.4
2026-02-12 13:08,429.29
2026-02-12 13:09,429.35
2026-02-12 13:10,429.33
2026-02-12 13:12,429.43
2026-02-12 13:13,429.48
2026-02-12 13:14,429.39
2026-02-12 13:15,429.48
2026-02-12 13:16,429.47
2026-02-12 13:17,429.59
2026-02-12 13:18,429.5
2026-02-12 13:19,429.6
2026-02-12 13:20,429.7
2026-02-12 13:21,429.75
2026-02-12 13:22,429.64
2026-02-12 13:23,429.72
2026-02-12 13:24,429.61
2026-02-12 13:25,429.58
2026-02-12 13:26,429.58
2026-02-12 13:27,429.6
2026-02-12 13:28,429.68
2026-02-12 13:29,429.6
2026-02-12 13:30,429.6
2026-02-12 13:31,429.33
2026-02-12 13:32,429.38
2026-02-12 13:33,429.38
2026-02-12 13:34,429.35
2026-02-12 13:35,429.3
2026-02-12 13:36,429.39
2026-02-12 13:37,429.41
2026-02-12 13:38,429.4
2026-02-12 13:39,429.31
2026-02-12 13:40,429.31
2026-02-12 13:41,429.3
2026-02-12 13:42,429.39
2026-02-12 13:43,429.37
2026-02-12 13:44,429.33
2026-02-12 13:45,429.35
2026-02-12 13:46,429.38
2026-02-12 13:47,429.32
2026-02-12 13:48,429.4
2026-02-12 13:49,429.56
2026-02-12 13:50,429.67
2026-02-12 13:51,429.6
2026-02-12 13:52,429.63
2026-02-12 13:53,429.61
2026-02-12 13:54,429.65
2026-02-12 13:55,429.65
2026-02-12 13:56,429.55
2026-02-12 13:57,429.57
2026-02-12 13:58,429.37
2026-02-12 13:59,429.48
2026-02-12 14:00,429.61
2026-02-12 14:01,429.63
2026-02-12 14:02,429.76
2026-02-12 14:03,429.52
2026-02-12 14:04,429.46
2026-02-12 14:05,429.75
2026-02-12 14:06,429.74
2026-02-12 14:07,429.6
2026-02-12 14:08,429.86
2026-02-12 14:09,429.87
2026-02-12 14:10,430.06
2026-02-12 14:11,430.26
2026-02-12 14:12,430.45
2026-02-12 14:13,430.48
2026-02-12 14:14,430.3
2026-02-12 14:15,430.2
2026-02-12 14:16,430.3
2026-02-12 14:17,430.4
2026-02-12 14:18,430.32
2026-02-12 14:19,430.21
2026-02-12 14:20,430.49
2026-02-12 14:21,430.29
2026-02-12 14:22,430.36
2026-02-12 14:23,430.32
2026-02-12 14:24,430.39
2026-02-12 14:25,430.47
2026-02-12 14:26,430.48
2026-02-12 14:27,430.41
2026-02-12 14:28,430.5
2026-02-12 14:29,430.7
2026-02-12 14:30,430.81
2026-02-12 14:31,430.8
2026-02-12 14:32,430.79
2026-02-12 14:33,430.66
2026-02-12 14:34,430.66
2026-02-12 14:35,430.57
2026-02-12 14:36,430.57
2026-02-12 14:37,430.62
2026-02-12 14:38,430.85
2026-02-12 14:39,430.85
2026-02-12 14:40,430.83
2026-02-12 14:41,431.03
2026-02-12 14:42,430.97
2026-02-12 14:43,430.75
2026-02-12 14:44,430.61
2026-02-12 14:45,430.53
2026-02-12 14:46,430.51
2026-02-12 14:47,430.68
2026-02-12 14:48,430.53
2026-02-12 14:49,430.57
2026-02-12 14:50,430.39
2026-02-12 14:51,430.44
2026-02-12 14:52,430.1
2026-02-12 14:53,429.93
2026-02-12 14:54,430.1
2026-02-12 14:55,430.18
2026-02-12 14:56,430.11
2026-02-12 14:57,430.0
2026-02-12 14:58,429.97
2026-02-12 14:59,430.02
2026-02-12 15:00,429.97
2026-02-12 15:01,428.88
2026-02-12 15:02,429.58
2026-02-12 15:03,429.76
2026-02-12 15:04,429.9
2026-02-12 15:05,429.9
2026-02-12 15:06,429.89
2026-02-12 15:07,429.85
2026-02-12 15:08,429.84
2026-02-12 15:09,429.97
2026-02-12 15:10,429.91
2026-02-12 15:11,429.77
2026-02-12 15:12,429.85
2026-02-12 15:13,429.77
2026-02-12 15:14,429.8
2026-02-12 15:15,429.61
2026-02-12 15:16,429.7
2026-02-12 15:17,429.85
2026-02-12 15:18,429.88
2026-02-12 15:19,429.8
2026-02-12 15:20,429.7
2026-02-12 15:21,429.65
2026-02-12 15:22,429.87
2026-02-12 15:23,429.81
2026-02-12 15:24,429.71
2026-02-12 15:25,429.75
2026-02-12 15:26,429.7
2026-02-12 15:27,429.7
2026-02-12 15:28,429.85
2026-02-12 15:29,430.0
2026-02-12 15:30,430.0
2026-02-12 15:31,429.88
2026-02-12 15:32,429.83
2026-02-12 15:33,430.0
2026-02-12 15:34,430.42
2026-02-12 15:35,430.14
2026-02-12 15:36,430.27
2026-02-12 15:37,430.64
2026-02-12 15:38,430.83
2026-02-12 15:39,430.75
2026-02-12 15:40,431.08
2026-02-12 15:41,431.21
2026-02-12 15:42,431.33
2026-02-12 15:43,431.11
2026-02-12 15:44,431.27
2026-02-12 15:45,431.3
2026-02-12 15:46,430.8
2026-02-12 15:47,430.88
2026-02-12 15:48,430.85
2026-02-12 15:49,430.69
2026-02-12 15:50,430.6
2026-02-12 15:51,430.71
2026-02-12 15:52,430.9
2026-02-12 15:53,430.77
2026-02-12 15:54,431.01
2026-02-12 15:55,431.1
2026-02-12 15:56,431.0
2026-02-12 15:57,431.16
2026-02-12 15:58,431.05
2026-02-12 15:59,430.92
2026-02-12 16:00,430.8
2026-02-12 16:01,431.0
2026-02-12 16:02,430.96
2026-02-12 16:03,430.51
2026-02-12 16:04,430.72
2026-02-12 16:05,430.78
2026-02-12 16:06,431.0
2026-02-12 16:07,431.19
2026-02-12 16:08,431.12
2026-02-12 16:09,431.1
2026-02-12 16:10,431.1
2026-02-12 16:11,431.12
2026-02-12 16:12,431.22
2026-02-12 16:13,431.25
2026-02-12 16:14,431.06
2026-02-12 16:15,431.0
2026-02-12 16:16,431.0
2026-02-12 16:17,431.08
2026-02-12 16:18,431.12
2026-02-12 16:19,431.2
2026-02-12 16:20,431.62
2026-02-12 16:21,431.57
2026-02-12 16:22,431.61
2026-02-12 16:23,431.71
2026-02-12 16:24,431.85
2026-02-12 16:25,431.62
2026-02-12 16:26,431.68
2026-02-12 16:27,431.07
2026-02-12 16:28,430.91
2026-02-12 16:29,430.3
2026-02-12 16:30,433.68
2026-02-12 16:31,433.48
2026-02-12 16:32,433.36
2026-02-12 16:33,433.63
2026-02-12 16:34,433.38
2026-02-12 16:35,434.08
2026-02-12 16:36,434.96
2026-02-12 16:37,435.58
2026-02-12 16:38,433.96
2026-02-12 16:39,434.27
2026-02-12 16:40,434.34
2026-02-12 16:41,434.67
2026-02-12 16:42,434.77
2026-02-12 16:43,434.8
2026-02-12 16:44,434.03
2026-02-12 16:45,431.68
2026-02-12 16:46,430.93
2026-02-12 16:47,430.77
2026-02-12 16:48,431.2
2026-02-12 16:49,430.22
2026-02-12 16:50,429.76
2026-02-12 16:51,429.12
2026-02-12 16:52,429.93
2026-02-12 16:53,429.49
2026-02-12 16:54,430.2
2026-02-12 16:55,429.51
2026-02-12 16:56,428.4
2026-02-12 16:57,428.95
2026-02-12 16:58,429.14
2026-02-12 16:59,428.64
2026-02-12 17:00,427.62
2026-02-12 17:01,429.08
2026-02-12 17:02,428.73
2026-02-12 17:03,428.59
2026-02-12 17:04,427.43
2026-02-12 17:05,427.3
2026-02-12 17:06,428.52
2026-02-12 17:07,428.19
2026-02-12 17:08,426.6
2026-02-12 17:09,427.46
2026-02-12 17:10,428.18
2026-02-12 17:11,427.58
2026-02-12 17:12,427.42
2026-02-12 17:13,428.29
2026-02-12 17:14,429.79
2026-02-12 17:15,429.73
2026-02-12 17:16,430.46
2026-02-12 17:17,430.02
2026-02-12 17:18,429.82
2026-02-12 17:19,428.98
2026-02-12 17:20,429.93
2026-02-12 17:21,429.0
2026-02-12 17:22,430.8
2026-02-12 17:23,429.86
2026-02-12 17:24,430.0
2026-02-12 17:25,430.65
2026-02-12 17:26,430.31
2026-02-12 17:27,430.49
2026-02-12 17:28,430.58
2026-02-12 17:29,429.67
2026-02-12 17:30,430.21
2026-02-12 17:31,429.58
2026-02-12 17:32,428.58
2026-02-12 17:33,428.32
2026-02-12 17:34,428.32
2026-02-12 17:35,428.56
2026-02-12 17:36,428.08
2026-02-12 17:37,427.59
2026-02-12 17:38,427.55
2026-02-12 17:39,427.59
2026-02-12 17:40,426.94
2026-02-12 17:41,426.55
2026-02-12 17:42,426.55
2026-02-12 17:43,426.29
2026-02-12 17:44,426.8
2026-02-12 17:45,427.24
2026-02-12 17:46,426.57
2026-02-12 17:47,426.34
2026-02-12 17:48,425.95
2026-02-12 17:49,426.99
2026-02-12 17:50,425.91
2026-02-12 17:51,426.94
2026-02-12 17:52,426.04
2026-02-12 17:53,426.07
2026-02-12 17:54,425.57
2026-02-12 17:55,425.74
2026-02-12 17:56,425.23
2026-02-12 17:57,424.6
2026-02-12 17:58,425.02
2026-02-12 17:59,425.16
2026-02-12 18:00,424.96
2026-02-12 18:01,425.1
2026-02-12 18:02,424.69
2026-02-12 18:03,425.43
2026-02-12 18:04,424.59
2026-02-12 18:05,424.01
2026-02-12 18:06,423.61
2026-02-12 18:07,423.23
2026-02-12 18:08,423.73
2026-02-12 18:09,423.22
2026-02-12 18:10,423.48
2026-02-12 18:11,423.23
2026-02-12 18:12,423.29
2026-02-12 18:13,422.81
2026-02-12 18:14,422.76
2026-02-12 18:15,421.93
2026-02-12 18:16,422.46
2026-02-12 18:17,422.56
2026-02-12 18:18,421.89
2026-02-12 18:19,422.23
2026-02-12 18:20,421.5
2026-02-12 18:21,421.34
2026-02-12 18:22,421.32
2026-02-12 18:23,422.21
2026-02-12 18:24,421.73
2026-02-12 18:25,421.48
2026-02-12 18:26,420.92
2026-02-12 18:27,421.56
2026-02-12 18:28,420.41
2026-02-12 18:29,419.41
2026-02-12 18:30,419.31
2026-02-12 18:31,419.43
2026-02-12 18:32,419.24
2026-02-12 18:33,418.31
2026-02-12 18:34,419.02
2026-02-12 18:35,420.24
2026-02-12 18:36,421.3
2026-02-12 18:37,421.0
2026-02-12 18:38,420.69
2026-02-12 18:39,420.99
2026-02-12 18:40,420.4
2026-02-12 18:41,420.46
2026-02-12 18:42,420.23
2026-02-12 18:43,420.67
2026-02-12 18:44,419.98
2026-02-12 18:45,420.27
2026-02-12 18:46,418.8
2026-02-12 18:47,418.92
2026-02-12 18:48,419.31
2026-02-12 18:49,419.57
2026-02-12 18:50,418.6
2026-02-12 18:51,419.26
2026-02-12 18:52,418.5
2026-02-12 18:53,418.65
2026-02-12 18:54,418.4
2026-02-12 18:55,418.82
2026-02-12 18:56,418.55
2026-02-12 18:57,418.29
2026-02-12 18:58,418.46
2026-02-12 18:59,418.7
2026-02-12 19:00,417.55
2026-02-12 19:01,417.23
2026-02-12 19:02,418.5
2026-02-12 19:03,417.3
2026-02-12 19:04,417.62
2026-02-12 19:05,417.2
2026-02-12 19:06,418.39
2026-02-12 19:07,418.51
2026-02-12 19:08,418.1
2026-02-12 19:09,418.96
2026-02-12 19:10,417.7
2026-02-12 19:11,417.71
2026-02-12 19:12,417.87
2026-02-12 19:13,418.36
2026-02-12 19:14,417.96
2026-02-12 19:15,417.69
2026-02-12 19:16,418.26
2026-02-12 19:17,417.82
2026-02-12 19:18,417.83
2026-02-12 19:19,417.93
2026-02-12 19:20,418.45
2026-02-12 19:21,418.52
2026-02-12 19:22,418.97
2026-02-12 19:23,419.34
2026-02-12 19:24,418.81
2026-02-12 19:25,419.15
2026-02-12 19:26,419.46
2026-02-12 19:27,419.34
2026-02-12 19:28,419.3
2026-02-12 19:29,418.11
2026-02-12 19:30,417.51
2026-02-12 19:31,417.72
2026-02-12 19:32,417.67
2026-02-12 19:33,418.17
2026-02-12 19:34,418.53
2026-02-12 19:35,418.7
2026-02-12 19:36,419.05
2026-02-12 19:37,419.65
2026-02-12 19:38,419.44
2026-02-12 19:39,418.76
2026-02-12 19:40,419.23
2026-02-12 19:41,418.42
2026-02-12 19:42,418.44
2026-02-12 19:43,418.87
2026-02-12 19:44,418.52
2026-02-12 19:45,418.43
2026-02-12 19:46,417.66
2026-02-12 19:47,417.99
2026-02-12 19:48,417.66
2026-02-12 19:49,417.69
2026-02-12 19:50,417.46
2026-02-12 19:51,417.33
2026-02-12 19:52,416.73
2026-02-12 19:53,415.9
2026-02-12 19:54,416.02
2026-02-12 19:55,415.81
2026-02-12 19:56,415.24
2026-02-12 19:57,415.23
2026-02-12 19:58,414.75
2026-02-12 19:59,414.7
2026-02-12 20:00,414.53
2026-02-12 20:01,414.9
2026-02-12 20:02,415.01
2026-02-12 20:03,414.59
2026-02-12 20:04,414.91
2026-02-12 20:05,415.35
2026-02-12 20:06,415.71
2026-02-12 20:07,416.16
2026-02-12 20:08,416.1
2026-02-12 20:09,415.96
2026-02-12 20:10,415.79
2026-02-12 20:11,416.16
2026-02-12 20:12,416.07
2026-02-12 20:13,416.05
2026-02-12 20:14,415.95
2026-02-12 20:15,415.48
2026-02-12 20:16,415.45
2026-02-12 20:17,414.9
2026-02-12 20:18,414.83
2026-02-12 20:19,414.92
2026-02-12 20:20,415.57
2026-02-12 20:21,415.49
2026-02-12 20:22,416.56
2026-02-12 20:23,416.68
2026-02-12 20:24,416.64
2026-02-12 20:25,416.6
2026-02-12 20:26,416.83
2026-02-12 20:27,416.73
2026-02-12 20:28,415.77
2026-02-12 20:29,416.79
2026-02-12 20:30,416.26
2026-02-12 20:31,416.11
2026-02-12 20:32,415.84
2026-02-12 20:33,416.18
2026-02-12 20:34,416.55
2026-02-12 20:35,416.87
2026-02-12 20:36,416.58
2026-02-12 20:37,417.02
2026-02-12 20:38,417.37
2026-02-12 20:39,417.38
2026-02-12 20:40,416.82
2026-02-12 20:41,416.86
2026-02-12 20:42,417.31
2026-02-12 20:43,417.35
2026-02-12 20:44,417.01
2026-02-12 20:45,417.27
2026-02-12 20:46,417.53
2026-02-12 20:47,417.22
2026-02-12 20:48,417.3
2026-02-12 20:49,417.37
